portfolio,pair,ff_mean_x1e3,proxy_mean_x1e3,delta_mean_x1e3,ff_vol_x1e3,proxy_vol_x1e3,delta_vol_x1e3,ff_sharpe,proxy_sharpe,delta_sharpe,abs_delta_sharpe
GMV,FF3 vs Proxy3,0.08122033800966012,8.579035991742805,8.497815653733145,21.47772797127394,38.93995544563413,17.462227474360194,0.003781607538669398,0.22031447888327435,0.21653287134460494,0.21653287134460494
GMV,FF5 vs Proxy5,0.7791270818265887,7.511109857460637,6.731982775634048,11.955351528900717,32.39054685320342,20.4351953243027,0.065169734235178,0.23189203601598934,0.16672230178081135,0.16672230178081135
TAN,FF3 vs Proxy3,455.6509731341109,14.65603313502928,-440.9949399990816,1608.6890003290468,50.896090553749914,-1557.792909775297,0.2832436680060039,0.2879598997795608,0.0047162317735569,0.0047162317735569
TAN,FF5 vs Proxy5,16.207910003212792,12.67812677482987,-3.5297832283829234,54.52826865879467,42.081747715741464,-12.446520943053208,0.2972386690769922,0.30127376981748744,0.004035100740495234,0.004035100740495234
