portfolio,sr_is,sr_oos,delta_sr,jk_pvalue,lw_pvalue,lw_ci_low,lw_ci_high,inference_flag
30 ind GMV,0.17435152147535232,0.16502388901891119,-0.009327632456441137,0.9233654511530054,0.923,-0.16026349339743118,0.17841710963887444,No significant Sharpe change
30 ind TAN,0.3372914136471133,0.08133803741615679,-0.2559533762309565,0.0031203131872195033,0.001,0.1145713247171306,0.4102144672298377,IS Sharpe > OOS Sharpe (significant)
FF5 GMV,0.3789170698457338,0.1782081914885945,-0.20070887835713933,0.021012562660361445,0.048,0.001238392475449983,0.4050761998258981,IS Sharpe > OOS Sharpe (significant)
FF5 TAN,0.3994978765283759,0.19872800791258002,-0.20076986861579585,0.021339628865880034,0.039,0.012928953251247982,0.3994861505337337,IS Sharpe > OOS Sharpe (significant)
