portfolio,sr_is,sr_oos,diff,ci_low,ci_high,pvalue
30 ind TAN,0.3368347663928911,0.0814857106273704,0.2553490557655207,0.10268569777007745,0.4143179745654572,0.001
30 ind GMV,0.17354726743486568,0.1652999903676501,0.008247277067215564,-0.16089068890306213,0.17472682217288424,0.937
FF5 TAN,0.3994978765283759,0.19872800791258002,0.20076986861579585,0.0189033991035014,0.3973210950422412,0.027
FF5 GMV,0.3789170698457338,0.1782081914885945,0.20070887835713933,0.001351578980850771,0.40013995844219097,0.05
