portfolio,sr_is,sr_oos,diff,ci_low,ci_high,pvalue
30 ind TAN,0.3368347663928911,0.0814857106273704,0.2553490557655207,0.1145713247171306,0.4102144672298377,0.001
30 ind GMV,0.17354726743486568,0.1652999903676501,0.008247277067215564,-0.16026349339743118,0.17841710963887444,0.923
FF5 TAN,0.3994978765283759,0.19872800791258002,0.20076986861579585,0.012928953251247982,0.3994861505337337,0.039
FF5 GMV,0.3789170698457338,0.1782081914885945,0.20070887835713933,0.001238392475449983,0.4050761998258981,0.048
