label,universe,portfolio,mean,vol,excess_mean,sharpe
sample,industries,GMV,0.009732696039063996,0.03139641741248577,0.006435413430368349,0.20497285871250726
sample,industries,TAN,0.017633058717724033,0.04686002035952437,0.014335776109028385,0.3059276542997621
bs_mean,industries,GMV,0.009738065346217566,0.03139641741248577,0.0064407827375219185,0.20514387526777303
bs_mean,industries,TAN,0.0175563904332428,0.04671506377393112,0.014259107824547153,0.3052357563622616
bs_mean_cov,industries,GMV,0.009800660343137957,0.03158431753029654,0.006503377734442309,0.20590527967571537
bs_mean_cov,industries,TAN,0.017228082812277324,0.04622639639215745,0.013930800203581676,0.3013602895930064
