portfolio,universe,mean_x1e3,vol_x1e3,sharpe,delta_mean_vs_ind_x1e3,delta_vol_vs_ind_x1e3,delta_sharpe_vs_ind,abs_delta_sharpe_vs_ind
GMV,industries,6.418861958318583,31.29254646399419,0.20512430861784453,0.0,0.0,0.0,0.0
GMV,ff3,2.2784581298605966,17.905381074436615,0.12724990997893562,-4.140403828457986,-13.387165389557573,-0.07787439863890891,0.07787439863890891
GMV,ff5,2.9259123833460734,10.810168344634668,0.27066298045194365,-3.4929495749725095,-20.482378119359517,0.06553867183409912,0.06553867183409912
TAN,industries,14.287273523349823,46.685989426815766,0.3060291470473456,0.0,0.0,0.0,0.0
TAN,ff3,5.3574197215831365,27.4562283617917,0.19512584361508895,-8.929853801766686,-19.22976106502407,-0.11090330343225663,0.11090330343225663
TAN,ff5,3.7959686597336724,12.31297812068481,0.3082900515641095,-10.49130486361615,-34.373011306130955,0.0022609045167639175,0.0022609045167639175
