portfolio,sr_is,sr_oos,z_stat,pvalue
30 ind TAN,0.3368347663928911,0.0814857106273704,2.9556298506017864,0.0031203131872195033
30 ind GMV,0.17354726743486568,0.1652999903676501,0.09619531562487128,0.9233654511530054
FF5 TAN,0.3994978765283759,0.19872800791258002,2.3019209794120283,0.021339628865880034
FF5 GMV,0.3789170698457338,0.1782081914885945,2.3077586735360223,0.021012562660361445
